{"stats":{"minecraft:killed":{"minecraft:zombie":2},"minecraft:picked_up":{"minecraft:stick":2,"minecraft:andesite":20,"minecraft:torch":1,"minecraft:spruce_sapling":7,"minecraft:diorite":38,"minecraft:spruce_log":13,"minecraft:dirt":25,"minecraft:bone":2,"minecraft:rotten_flesh":5,"minecraft:wheat_seeds":1,"minecraft:spruce_planks":46,"minecraft:granite":29,"minecraft:coal":39,"minecraft:cobblestone":201},"minecraft:used":{"minecraft:stone_pickaxe":306,"minecraft:spruce_planks":1,"minecraft:torch":7,"minecraft:dirt":3,"minecraft:furnace":1},"minecraft:crafted":{"minecraft:charcoal":2,"minecraft:spruce_planks":44,"minecraft:stick":12,"minecraft:stone_pickaxe":3,"minecraft:stone_sword":1,"minecraft:furnace":1,"minecraft:torch":8,"minecraft:stone_axe":1,"minecraft:air":0},"minecraft:killed_by":{"minecraft:zombie":2},"minecraft:broken":{"minecraft:stone_pickaxe":2},"minecraft:mined":{"minecraft:large_fern":4,"minecraft:spruce_planks":1,"minecraft:spruce_log":13,"minecraft:andesite":19,"minecraft:granite":27,"minecraft:coal_ore":37,"minecraft:dirt":2,"minecraft:spruce_leaves":54,"minecraft:stone":183,"minecraft:diorite":38,"minecraft:wall_torch":1,"minecraft:fern":1},"minecraft:custom":{"minecraft:time_since_rest":22202,"minecraft:interact_with_furnace":5,"minecraft:sprint_one_cm":10097,"minecraft:damage_taken":1044,"minecraft:walk_one_cm":55420,"minecraft:mob_kills":2,"minecraft:damage_dealt":395,"minecraft:interact_with_crafting_table":8,"minecraft:fly_one_cm":7541,"minecraft:play_time":27443,"minecraft:deaths":3,"minecraft:jump":156,"minecraft:leave_game":1,"minecraft:time_since_death":22176,"minecraft:total_world_time":27443,"minecraft:fall_one_cm":3747}},"DataVersion":3953}