{"stats":{"minecraft:custom":{"minecraft:interact_with_furnace":42,"minecraft:mob_kills":16,"minecraft:interact_with_crafting_table":17,"minecraft:interact_with_stonecutter":1,"minecraft:leave_game":2,"minecraft:time_since_death":93527,"minecraft:climb_one_cm":248,"minecraft:time_since_rest":93553,"minecraft:sprint_one_cm":18518,"minecraft:damage_taken":1223,"minecraft:walk_one_cm":367288,"minecraft:damage_blocked_by_shield":825,"minecraft:drop":42,"minecraft:damage_dealt":2300,"minecraft:swim_one_cm":49302,"minecraft:fly_one_cm":17771,"minecraft:crouch_one_cm":5844,"minecraft:play_time":98794,"minecraft:deaths":3,"minecraft:sneak_time":6128,"minecraft:walk_under_water_one_cm":8045,"minecraft:jump":1000,"minecraft:walk_on_water_one_cm":8746,"minecraft:total_world_time":98794,"minecraft:fall_one_cm":7350},"minecraft:mined":{"minecraft:deepslate_redstone_ore":8,"minecraft:tuff":27,"minecraft:spruce_planks":2,"minecraft:deepslate_diamond_ore":7,"minecraft:clay":2,"minecraft:crafting_table":3,"minecraft:granite":27,"minecraft:grass_block":1,"minecraft:cobblestone":21,"minecraft:deepslate_coal_ore":2,"minecraft:spruce_leaves":54,"minecraft:deepslate_gold_ore":14,"minecraft:moss_block":8,"minecraft:diorite":38,"minecraft:wall_torch":4,"minecraft:large_fern":4,"minecraft:furnace":1,"minecraft:iron_ore":16,"minecraft:cobbled_deepslate":48,"minecraft:spruce_log":13,"minecraft:andesite":24,"minecraft:coal_ore":44,"minecraft:deepslate_iron_ore":35,"minecraft:gravel":13,"minecraft:dirt":3,"minecraft:stone":204,"minecraft:gold_ore":1,"minecraft:deepslate":204,"minecraft:fern":1},"minecraft:broken":{"minecraft:stone_pickaxe":4},"minecraft:picked_up":{"minecraft:crafting_table":3,"minecraft:feather":3,"minecraft:cooked_beef":1,"minecraft:chicken":2,"minecraft:clay_ball":16,"minecraft:andesite":48,"minecraft:leather":2,"minecraft:flint":1,"minecraft:tuff":26,"minecraft:gunpowder":1,"minecraft:shield":1,"minecraft:lapis_lazuli":52,"minecraft:dirt":50,"minecraft:string":1,"minecraft:bone":4,"minecraft:wheat_seeds":1,"minecraft:cobbled_deepslate":354,"minecraft:raw_gold":15,"minecraft:spruce_planks":93,"minecraft:iron_ingot":19,"minecraft:stone_pickaxe":5,"minecraft:iron_pickaxe":2,"minecraft:moss_block":17,"minecraft:furnace":1,"minecraft:stick":13,"minecraft:raw_iron":64,"minecraft:torch":21,"minecraft:porkchop":7,"minecraft:gravel":15,"minecraft:spruce_sapling":8,"minecraft:diorite":102,"minecraft:spruce_log":14,"minecraft:redstone":55,"minecraft:spruce_door":1,"minecraft:stone_sword":2,"minecraft:arrow":1,"minecraft:rotten_flesh":10,"minecraft:diamond":18,"minecraft:stone_axe":2,"minecraft:granite":42,"minecraft:coal":98,"minecraft:cobblestone":382},"minecraft:crafted":{"minecraft:cooked_porkchop":7,"minecraft:crafting_table":1,"minecraft:spruce_planks":44,"minecraft:iron_helmet":1,"minecraft:cooked_chicken":2,"minecraft:spruce_door":3,"minecraft:furnace":3,"minecraft:bucket":1,"minecraft:stone_axe":1,"minecraft:air":0,"minecraft:iron_boots":1,"minecraft:iron_chestplate":1,"minecraft:charcoal":2,"minecraft:shield":2,"minecraft:stick":28,"minecraft:iron_ingot":32,"minecraft:iron_pickaxe":1,"minecraft:stone_pickaxe":5,"minecraft:stone_sword":1,"minecraft:iron_leggings":1,"minecraft:torch":68},"minecraft:killed":{"minecraft:pig":4,"minecraft:zombie_villager":1,"minecraft:spider":1,"minecraft:creeper":1,"minecraft:skeleton":2,"minecraft:zombie":5,"minecraft:chicken":2},"minecraft:used":{"minecraft:stone_sword":43,"minecraft:spruce_door":1,"minecraft:stone_pickaxe":642,"minecraft:spruce_planks":1,"minecraft:shield":13,"minecraft:cooked_chicken":2,"minecraft:rotten_flesh":7,"minecraft:iron_chestplate":1,"minecraft:torch":46,"minecraft:dirt":3,"minecraft:crafting_table":4,"minecraft:iron_pickaxe":83,"minecraft:stone_axe":4,"minecraft:cobblestone":58,"minecraft:furnace":4,"minecraft:cooked_porkchop":2,"minecraft:bucket":1,"minecraft:cobbled_deepslate":134},"minecraft:dropped":{"minecraft:gravel":13,"minecraft:stone_axe":2,"minecraft:lapis_lazuli":52,"minecraft:cooked_beef":1,"minecraft:stone_sword":2,"minecraft:cobbled_deepslate":77,"minecraft:diamond":11,"minecraft:tuff":22,"minecraft:cooked_porkchop":3,"minecraft:raw_iron":19,"minecraft:cobblestone":128,"minecraft:leather":1,"minecraft:granite":42,"minecraft:spruce_door":1,"minecraft:coal":60,"minecraft:shield":2,"minecraft:diorite":128,"minecraft:torch":33,"minecraft:spruce_planks":60,"minecraft:andesite":48,"minecraft:stone_pickaxe":5,"minecraft:iron_pickaxe":2,"minecraft:string":1},"minecraft:killed_by":{"minecraft:zombie":2}},"DataVersion":3953}