{"stats":{"minecraft:broken":{"minecraft:stone_pickaxe":5},"minecraft:custom":{"minecraft:mob_kills":32,"minecraft:interact_with_crafting_table":21,"minecraft:leave_game":2,"minecraft:time_since_death":126325,"minecraft:climb_one_cm":248,"minecraft:sprint_one_cm":123122,"minecraft:walk_one_cm":483362,"minecraft:damage_blocked_by_shield":1470,"minecraft:drop":50,"minecraft:play_time":131592,"minecraft:sneak_time":6128,"minecraft:deaths":3,"minecraft:walk_under_water_one_cm":10696,"minecraft:jump":1682,"minecraft:walk_on_water_one_cm":17038,"minecraft:total_world_time":131592,"minecraft:interact_with_furnace":44,"minecraft:interact_with_stonecutter":1,"minecraft:sleep_in_bed":1,"minecraft:time_since_rest":1048,"minecraft:damage_taken":1618,"minecraft:damage_dealt":4216,"minecraft:swim_one_cm":74664,"minecraft:fly_one_cm":189145,"minecraft:open_chest":15,"minecraft:crouch_one_cm":5844,"minecraft:fall_one_cm":22175},"minecraft:mined":{"minecraft:tuff":27,"minecraft:spruce_planks":2,"minecraft:deepslate_diamond_ore":7,"minecraft:granite":27,"minecraft:grass_block":1,"minecraft:spruce_leaves":54,"minecraft:moss_block":8,"minecraft:large_fern":7,"minecraft:hay_block":22,"minecraft:furnace":3,"minecraft:iron_ore":16,"minecraft:cobbled_deepslate":48,"minecraft:andesite":24,"minecraft:pumpkin":10,"minecraft:deepslate_iron_ore":35,"minecraft:stone":216,"minecraft:deepslate_redstone_ore":8,"minecraft:spruce_door":1,"minecraft:crafting_table":5,"minecraft:clay":2,"minecraft:short_grass":2,"minecraft:chest":1,"minecraft:cobblestone":41,"minecraft:tall_grass":3,"minecraft:deepslate_coal_ore":2,"minecraft:deepslate_gold_ore":14,"minecraft:sugar_cane":3,"minecraft:diorite":38,"minecraft:wall_torch":4,"minecraft:spruce_log":13,"minecraft:coal_ore":149,"minecraft:gravel":13,"minecraft:dirt":3,"minecraft:gold_ore":1,"minecraft:deepslate":204,"minecraft:fern":1},"minecraft:picked_up":{"minecraft:crafting_table":5,"minecraft:chicken":2,"minecraft:clay_ball":198,"minecraft:shield":1,"minecraft:brick":1,"minecraft:string":3,"minecraft:cobbled_deepslate":354,"minecraft:spruce_planks":97,"minecraft:iron_pickaxe":2,"minecraft:sugar_cane":15,"minecraft:chest":1,"minecraft:furnace":3,"minecraft:raw_iron":64,"minecraft:stick":14,"minecraft:torch":21,"minecraft:porkchop":7,"minecraft:diorite":102,"minecraft:carrot":1,"minecraft:redstone":55,"minecraft:stone_sword":3,"minecraft:arrow":2,"minecraft:rotten_flesh":15,"minecraft:hay_block":24,"minecraft:mutton":13,"minecraft:white_wool":16,"minecraft:cobblestone":414,"minecraft:nautilus_shell":1,"minecraft:feather":3,"minecraft:cooked_beef":1,"minecraft:andesite":48,"minecraft:leather":2,"minecraft:flint":1,"minecraft:tuff":26,"minecraft:gunpowder":3,"minecraft:lapis_lazuli":52,"minecraft:dirt":50,"minecraft:bone":4,"minecraft:wheat_seeds":2,"minecraft:raw_gold":15,"minecraft:iron_ingot":19,"minecraft:stone_pickaxe":5,"minecraft:moss_block":17,"minecraft:pumpkin":9,"minecraft:gravel":15,"minecraft:sand":26,"minecraft:spruce_sapling":8,"minecraft:spruce_log":14,"minecraft:spruce_door":2,"minecraft:diamond":18,"minecraft:stone_axe":4,"minecraft:granite":42,"minecraft:coal":216},"minecraft:crafted":{"minecraft:cooked_chicken":2,"minecraft:furnace":3,"minecraft:flint_and_steel":1,"minecraft:iron_boots":1,"minecraft:stone_pickaxe":6,"minecraft:chest":1,"minecraft:wheat":108,"minecraft:cooked_porkchop":7,"minecraft:crafting_table":1,"minecraft:spruce_planks":48,"minecraft:iron_helmet":1,"minecraft:spruce_door":3,"minecraft:bucket":1,"minecraft:stone_axe":1,"minecraft:bread":36,"minecraft:air":0,"minecraft:iron_chestplate":1,"minecraft:charcoal":2,"minecraft:shield":2,"minecraft:stick":28,"minecraft:iron_ingot":32,"minecraft:iron_pickaxe":1,"minecraft:stone_sword":1,"minecraft:iron_leggings":1,"minecraft:torch":68,"minecraft:shears":1},"minecraft:killed":{"minecraft:spider":3,"minecraft:skeleton":3,"minecraft:chicken":2,"minecraft:drowned":1,"minecraft:pig":4,"minecraft:zombie_villager":1,"minecraft:creeper":2,"minecraft:sheep":8,"minecraft:zombie":8},"minecraft:used":{"minecraft:stone_sword":110,"minecraft:chest":2,"minecraft:spruce_planks":1,"minecraft:shield":25,"minecraft:cooked_chicken":2,"minecraft:rotten_flesh":13,"minecraft:iron_chestplate":1,"minecraft:torch":46,"minecraft:dirt":3,"minecraft:furnace":4,"minecraft:cobbled_deepslate":134,"minecraft:spruce_door":1,"minecraft:stone_pickaxe":664,"minecraft:crafting_table":6,"minecraft:bread":6,"minecraft:iron_pickaxe":200,"minecraft:stone_axe":41,"minecraft:cobblestone":58,"minecraft:cooked_porkchop":4,"minecraft:bucket":1},"minecraft:dropped":{"minecraft:bread":2,"minecraft:lapis_lazuli":52,"minecraft:cooked_beef":1,"minecraft:diamond":11,"minecraft:cooked_porkchop":3,"minecraft:cobblestone":128,"minecraft:leather":1,"minecraft:granite":42,"minecraft:spruce_door":1,"minecraft:coal":60,"minecraft:dirt":47,"minecraft:diorite":128,"minecraft:torch":33,"minecraft:iron_pickaxe":2,"minecraft:string":1,"minecraft:spruce_sapling":6,"minecraft:gravel":13,"minecraft:stone_axe":3,"minecraft:stone_sword":3,"minecraft:cobbled_deepslate":77,"minecraft:tuff":22,"minecraft:raw_iron":19,"minecraft:shield":2,"minecraft:gunpowder":1,"minecraft:spruce_planks":60,"minecraft:andesite":48,"minecraft:arrow":1,"minecraft:stone_pickaxe":5},"minecraft:killed_by":{"minecraft:zombie":2}},"DataVersion":3953}