{"stats":{"minecraft:killed":{"minecraft:skeleton":1,"minecraft:zombie":5},"minecraft:picked_up":{"minecraft:crafting_table":2,"minecraft:cooked_beef":1,"minecraft:andesite":48,"minecraft:leather":2,"minecraft:tuff":22,"minecraft:shield":1,"minecraft:lapis_lazuli":52,"minecraft:dirt":49,"minecraft:string":1,"minecraft:bone":2,"minecraft:wheat_seeds":1,"minecraft:cobbled_deepslate":297,"minecraft:raw_gold":15,"minecraft:spruce_planks":93,"minecraft:iron_ingot":19,"minecraft:stone_pickaxe":5,"minecraft:iron_pickaxe":2,"minecraft:moss_block":17,"minecraft:furnace":1,"minecraft:stick":13,"minecraft:raw_iron":57,"minecraft:torch":21,"minecraft:gravel":13,"minecraft:spruce_sapling":8,"minecraft:diorite":102,"minecraft:spruce_log":13,"minecraft:redstone":55,"minecraft:stone_sword":2,"minecraft:rotten_flesh":9,"minecraft:diamond":14,"minecraft:stone_axe":2,"minecraft:granite":42,"minecraft:coal":98,"minecraft:cobblestone":364},"minecraft:used":{"minecraft:stone_sword":12,"minecraft:stone_pickaxe":528,"minecraft:spruce_planks":1,"minecraft:shield":7,"minecraft:rotten_flesh":7,"minecraft:iron_chestplate":1,"minecraft:torch":37,"minecraft:dirt":3,"minecraft:crafting_table":3,"minecraft:iron_pickaxe":48,"minecraft:stone_axe":3,"minecraft:cobblestone":20,"minecraft:furnace":2,"minecraft:cobbled_deepslate":21},"minecraft:crafted":{"minecraft:crafting_table":1,"minecraft:spruce_planks":44,"minecraft:furnace":2,"minecraft:stone_axe":1,"minecraft:air":0,"minecraft:iron_chestplate":1,"minecraft:charcoal":2,"minecraft:shield":2,"minecraft:stick":28,"minecraft:iron_pickaxe":1,"minecraft:stone_pickaxe":5,"minecraft:stone_sword":1,"minecraft:torch":68},"minecraft:dropped":{"minecraft:gravel":13,"minecraft:stone_axe":2,"minecraft:lapis_lazuli":52,"minecraft:cooked_beef":1,"minecraft:stone_sword":2,"minecraft:cobbled_deepslate":77,"minecraft:diamond":11,"minecraft:tuff":22,"minecraft:raw_iron":19,"minecraft:cobblestone":128,"minecraft:leather":1,"minecraft:granite":42,"minecraft:coal":60,"minecraft:shield":2,"minecraft:diorite":128,"minecraft:torch":33,"minecraft:spruce_planks":32,"minecraft:andesite":48,"minecraft:stone_pickaxe":5,"minecraft:iron_pickaxe":2,"minecraft:string":1},"minecraft:killed_by":{"minecraft:zombie":2},"minecraft:broken":{"minecraft:stone_pickaxe":4},"minecraft:custom":{"minecraft:interact_with_furnace":12,"minecraft:mob_kills":6,"minecraft:interact_with_crafting_table":13,"minecraft:leave_game":1,"minecraft:time_since_death":58176,"minecraft:climb_one_cm":248,"minecraft:time_since_rest":58202,"minecraft:sprint_one_cm":11535,"minecraft:damage_taken":1114,"minecraft:walk_one_cm":166079,"minecraft:damage_blocked_by_shield":450,"minecraft:drop":39,"minecraft:damage_dealt":891,"minecraft:swim_one_cm":49302,"minecraft:fly_one_cm":7996,"minecraft:crouch_one_cm":425,"minecraft:play_time":63443,"minecraft:deaths":3,"minecraft:sneak_time":488,"minecraft:walk_under_water_one_cm":8045,"minecraft:jump":557,"minecraft:walk_on_water_one_cm":3413,"minecraft:total_world_time":63443,"minecraft:fall_one_cm":5525},"minecraft:mined":{"minecraft:deepslate_redstone_ore":8,"minecraft:tuff":9,"minecraft:spruce_planks":2,"minecraft:deepslate_diamond_ore":3,"minecraft:crafting_table":2,"minecraft:granite":27,"minecraft:grass_block":1,"minecraft:cobblestone":3,"minecraft:deepslate_coal_ore":2,"minecraft:spruce_leaves":54,"minecraft:deepslate_gold_ore":14,"minecraft:moss_block":8,"minecraft:diorite":38,"minecraft:wall_torch":4,"minecraft:large_fern":4,"minecraft:furnace":1,"minecraft:iron_ore":16,"minecraft:cobbled_deepslate":1,"minecraft:spruce_log":13,"minecraft:andesite":24,"minecraft:coal_ore":44,"minecraft:deepslate_iron_ore":27,"minecraft:gravel":6,"minecraft:dirt":3,"minecraft:stone":204,"minecraft:gold_ore":1,"minecraft:deepslate":150,"minecraft:fern":1}},"DataVersion":3953}