{"stats":{"minecraft:killed":{"minecraft:zombie":2},"minecraft:picked_up":{"minecraft:stick":1,"minecraft:bone":2,"minecraft:rotten_flesh":5,"minecraft:wheat_seeds":1,"minecraft:spruce_planks":44,"minecraft:spruce_sapling":7,"minecraft:spruce_log":9},"minecraft:crafted":{"minecraft:spruce_planks":16},"minecraft:killed_by":{"minecraft:zombie":2},"minecraft:custom":{"minecraft:time_since_rest":4202,"minecraft:play_time":9443,"minecraft:sprint_one_cm":7247,"minecraft:deaths":3,"minecraft:damage_taken":1044,"minecraft:walk_one_cm":26798,"minecraft:mob_kills":2,"minecraft:jump":79,"minecraft:damage_dealt":383,"minecraft:leave_game":1,"minecraft:time_since_death":4176,"minecraft:total_world_time":9443,"minecraft:fall_one_cm":3060,"minecraft:fly_one_cm":6602},"minecraft:mined":{"minecraft:large_fern":4,"minecraft:spruce_leaves":48,"minecraft:spruce_log":9,"minecraft:fern":1}},"DataVersion":3953}