{"stats":{"minecraft:killed":{"minecraft:zombie":4},"minecraft:picked_up":{"minecraft:crafting_table":2,"minecraft:cooked_beef":1,"minecraft:andesite":48,"minecraft:leather":1,"minecraft:tuff":9,"minecraft:dirt":49,"minecraft:string":1,"minecraft:bone":2,"minecraft:wheat_seeds":1,"minecraft:cobbled_deepslate":140,"minecraft:raw_gold":9,"minecraft:spruce_planks":65,"minecraft:iron_ingot":13,"minecraft:stone_pickaxe":2,"minecraft:iron_pickaxe":1,"minecraft:furnace":1,"minecraft:stick":13,"minecraft:raw_iron":40,"minecraft:torch":14,"minecraft:gravel":6,"minecraft:spruce_sapling":8,"minecraft:diorite":70,"minecraft:spruce_log":13,"minecraft:redstone":36,"minecraft:stone_sword":1,"minecraft:rotten_flesh":8,"minecraft:stone_axe":1,"minecraft:granite":42,"minecraft:coal":73,"minecraft:cobblestone":320},"minecraft:used":{"minecraft:stone_sword":3,"minecraft:stone_pickaxe":508,"minecraft:spruce_planks":1,"minecraft:rotten_flesh":7,"minecraft:iron_chestplate":1,"minecraft:torch":19,"minecraft:dirt":3,"minecraft:crafting_table":3,"minecraft:iron_pickaxe":33,"minecraft:stone_axe":3,"minecraft:cobblestone":17,"minecraft:furnace":2,"minecraft:cobbled_deepslate":8},"minecraft:crafted":{"minecraft:crafting_table":1,"minecraft:spruce_planks":44,"minecraft:furnace":2,"minecraft:stone_axe":1,"minecraft:air":0,"minecraft:iron_chestplate":1,"minecraft:charcoal":2,"minecraft:shield":2,"minecraft:stick":20,"minecraft:iron_pickaxe":1,"minecraft:stone_pickaxe":5,"minecraft:stone_sword":1,"minecraft:torch":20},"minecraft:dropped":{"minecraft:gravel":6,"minecraft:stone_axe":1,"minecraft:cooked_beef":1,"minecraft:stone_sword":1,"minecraft:tuff":9,"minecraft:raw_iron":3,"minecraft:cobblestone":64,"minecraft:leather":1,"minecraft:coal":29,"minecraft:shield":1,"minecraft:diorite":32,"minecraft:spruce_planks":32,"minecraft:andesite":48,"minecraft:stone_pickaxe":3,"minecraft:iron_pickaxe":1},"minecraft:killed_by":{"minecraft:zombie":2},"minecraft:broken":{"minecraft:stone_pickaxe":3},"minecraft:custom":{"minecraft:interact_with_furnace":12,"minecraft:mob_kills":4,"minecraft:interact_with_crafting_table":13,"minecraft:leave_game":1,"minecraft:time_since_death":46176,"minecraft:time_since_rest":46202,"minecraft:sprint_one_cm":10223,"minecraft:damage_taken":1114,"minecraft:walk_one_cm":107910,"minecraft:drop":17,"minecraft:damage_dealt":492,"minecraft:swim_one_cm":49302,"minecraft:fly_one_cm":7593,"minecraft:crouch_one_cm":102,"minecraft:play_time":51443,"minecraft:deaths":3,"minecraft:sneak_time":157,"minecraft:walk_under_water_one_cm":8045,"minecraft:jump":416,"minecraft:walk_on_water_one_cm":3413,"minecraft:total_world_time":51443,"minecraft:fall_one_cm":5525},"minecraft:mined":{"minecraft:deepslate_redstone_ore":8,"minecraft:tuff":9,"minecraft:spruce_planks":2,"minecraft:crafting_table":2,"minecraft:granite":27,"minecraft:grass_block":1,"minecraft:cobblestone":3,"minecraft:deepslate_coal_ore":2,"minecraft:spruce_leaves":54,"minecraft:deepslate_gold_ore":8,"minecraft:diorite":38,"minecraft:wall_torch":4,"minecraft:large_fern":4,"minecraft:furnace":1,"minecraft:iron_ore":16,"minecraft:spruce_log":13,"minecraft:andesite":24,"minecraft:coal_ore":44,"minecraft:deepslate_iron_ore":21,"minecraft:gravel":6,"minecraft:dirt":3,"minecraft:stone":204,"minecraft:gold_ore":1,"minecraft:deepslate":131,"minecraft:fern":1}},"DataVersion":3953}