{"stats":{"minecraft:killed":{"minecraft:zombie":1},"minecraft:picked_up":{"minecraft:rotten_flesh":1,"minecraft:wheat_seeds":1,"minecraft:spruce_sapling":4,"minecraft:spruce_log":4},"minecraft:crafted":{"minecraft:spruce_planks":16},"minecraft:killed_by":{"minecraft:zombie":2},"minecraft:mined":{"minecraft:large_fern":2,"minecraft:spruce_leaves":35,"minecraft:spruce_log":4,"minecraft:fern":1},"minecraft:custom":{"minecraft:time_since_rest":1195,"minecraft:play_time":6436,"minecraft:sprint_one_cm":5774,"minecraft:walk_one_cm":16777,"minecraft:damage_taken":909,"minecraft:deaths":3,"minecraft:mob_kills":1,"minecraft:jump":58,"minecraft:damage_dealt":215,"minecraft:leave_game":1,"minecraft:time_since_death":1169,"minecraft:total_world_time":6436,"minecraft:fly_one_cm":5946,"minecraft:fall_one_cm":2851}},"DataVersion":3953}