{"stats":{"minecraft:broken":{"minecraft:stone_pickaxe":5,"minecraft:stone_axe":1},"minecraft:custom":{"minecraft:mob_kills":33,"minecraft:interact_with_crafting_table":25,"minecraft:leave_game":2,"minecraft:time_since_death":162325,"minecraft:climb_one_cm":248,"minecraft:sprint_one_cm":252711,"minecraft:walk_one_cm":570164,"minecraft:damage_blocked_by_shield":1470,"minecraft:drop":51,"minecraft:talked_to_villager":1,"minecraft:play_time":167592,"minecraft:sneak_time":6328,"minecraft:deaths":3,"minecraft:walk_under_water_one_cm":23628,"minecraft:jump":2478,"minecraft:walk_on_water_one_cm":25083,"minecraft:total_world_time":167592,"minecraft:interact_with_furnace":44,"minecraft:interact_with_stonecutter":1,"minecraft:sleep_in_bed":4,"minecraft:time_since_rest":8322,"minecraft:damage_taken":1652,"minecraft:damage_dealt":4616,"minecraft:swim_one_cm":122177,"minecraft:fly_one_cm":406354,"minecraft:open_chest":34,"minecraft:crouch_one_cm":5844,"minecraft:fall_one_cm":33051},"minecraft:mined":{"minecraft:tuff":27,"minecraft:spruce_planks":2,"minecraft:deepslate_diamond_ore":7,"minecraft:granite":27,"minecraft:grass_block":29,"minecraft:spruce_leaves":54,"minecraft:moss_block":8,"minecraft:large_fern":7,"minecraft:hay_block":36,"minecraft:furnace":3,"minecraft:iron_ore":16,"minecraft:cobbled_deepslate":48,"minecraft:andesite":24,"minecraft:pumpkin":10,"minecraft:deepslate_iron_ore":35,"minecraft:stone":216,"minecraft:deepslate_redstone_ore":8,"minecraft:spruce_door":1,"minecraft:crafting_table":6,"minecraft:clay":2,"minecraft:short_grass":4,"minecraft:chest":3,"minecraft:cobblestone":41,"minecraft:tall_grass":4,"minecraft:deepslate_coal_ore":2,"minecraft:deepslate_gold_ore":14,"minecraft:sugar_cane":5,"minecraft:diorite":38,"minecraft:wall_torch":4,"minecraft:birch_sapling":1,"minecraft:birch_log":80,"minecraft:spruce_log":13,"minecraft:birch_leaves":3,"minecraft:yellow_bed":2,"minecraft:oak_log":122,"minecraft:coal_ore":174,"minecraft:gravel":29,"minecraft:dirt":23,"minecraft:gold_ore":1,"minecraft:oak_leaves":17,"minecraft:deepslate":204,"minecraft:fern":1},"minecraft:picked_up":{"minecraft:crafting_table":6,"minecraft:chicken":2,"minecraft:clay_ball":214,"minecraft:shield":1,"minecraft:brick":1,"minecraft:string":5,"minecraft:flint_and_steel":1,"minecraft:cobbled_deepslate":482,"minecraft:spruce_planks":97,"minecraft:poppy":4,"minecraft:iron_pickaxe":2,"minecraft:sugar_cane":25,"minecraft:chest":3,"minecraft:birch_sapling":18,"minecraft:furnace":3,"minecraft:raw_iron":64,"minecraft:stick":55,"minecraft:torch":21,"minecraft:porkchop":7,"minecraft:diorite":102,"minecraft:carrot":2,"minecraft:redstone":165,"minecraft:stone_sword":3,"minecraft:arrow":3,"minecraft:rotten_flesh":16,"minecraft:hay_block":64,"minecraft:mutton":26,"minecraft:white_wool":32,"minecraft:cobblestone":592,"minecraft:nautilus_shell":1,"minecraft:birch_log":80,"minecraft:feather":6,"minecraft:cooked_beef":1,"minecraft:andesite":48,"minecraft:leather":4,"minecraft:potato":2,"minecraft:flint":4,"minecraft:tuff":30,"minecraft:oak_log":127,"minecraft:yellow_bed":2,"minecraft:gunpowder":5,"minecraft:lapis_lazuli":52,"minecraft:dirt":98,"minecraft:bone":8,"minecraft:apple":9,"minecraft:wheat_seeds":6,"minecraft:raw_gold":30,"minecraft:iron_ingot":35,"minecraft:stone_pickaxe":5,"minecraft:moss_block":34,"minecraft:pumpkin":18,"minecraft:axolotl_bucket":1,"minecraft:dandelion":4,"minecraft:gravel":31,"minecraft:sand":26,"minecraft:spruce_sapling":8,"minecraft:spruce_log":14,"minecraft:spruce_door":5,"minecraft:diamond":18,"minecraft:stone_axe":4,"minecraft:granite":42,"minecraft:oak_sapling":54,"minecraft:coal":359},"minecraft:crafted":{"minecraft:stone_shovel":2,"minecraft:cooked_chicken":2,"minecraft:furnace":3,"minecraft:flint_and_steel":1,"minecraft:iron_boots":1,"minecraft:iron_axe":1,"minecraft:stone_pickaxe":6,"minecraft:chest":1,"minecraft:wheat":108,"minecraft:cooked_porkchop":7,"minecraft:crafting_table":1,"minecraft:spruce_planks":48,"minecraft:iron_helmet":1,"minecraft:spruce_door":3,"minecraft:bucket":1,"minecraft:stone_axe":1,"minecraft:bread":36,"minecraft:air":0,"minecraft:iron_chestplate":1,"minecraft:charcoal":2,"minecraft:shield":2,"minecraft:stick":28,"minecraft:iron_ingot":32,"minecraft:iron_pickaxe":1,"minecraft:stone_sword":1,"minecraft:iron_leggings":1,"minecraft:torch":68,"minecraft:shears":1},"minecraft:killed":{"minecraft:spider":3,"minecraft:skeleton":3,"minecraft:chicken":2,"minecraft:drowned":1,"minecraft:pig":4,"minecraft:zombie_villager":1,"minecraft:creeper":2,"minecraft:sheep":8,"minecraft:zombie":8,"minecraft:enderman":1},"minecraft:used":{"minecraft:stone_sword":118,"minecraft:stone_shovel":48,"minecraft:chest":4,"minecraft:spruce_planks":1,"minecraft:shield":25,"minecraft:cooked_chicken":2,"minecraft:rotten_flesh":13,"minecraft:iron_chestplate":1,"minecraft:torch":46,"minecraft:dirt":35,"minecraft:iron_axe":146,"minecraft:birch_sapling":18,"minecraft:oak_sapling":19,"minecraft:furnace":4,"minecraft:cobbled_deepslate":134,"minecraft:spruce_door":1,"minecraft:stone_pickaxe":664,"minecraft:crafting_table":7,"minecraft:bread":14,"minecraft:iron_pickaxe":225,"minecraft:gravel":16,"minecraft:stone_axe":133,"minecraft:cobblestone":58,"minecraft:cooked_porkchop":4,"minecraft:bucket":1,"minecraft:yellow_bed":2},"minecraft:dropped":{"minecraft:bread":2,"minecraft:lapis_lazuli":52,"minecraft:cooked_beef":1,"minecraft:diamond":11,"minecraft:cooked_porkchop":3,"minecraft:cobblestone":128,"minecraft:leather":1,"minecraft:granite":42,"minecraft:spruce_door":1,"minecraft:coal":124,"minecraft:dirt":47,"minecraft:diorite":128,"minecraft:torch":33,"minecraft:iron_pickaxe":2,"minecraft:string":1,"minecraft:spruce_sapling":6,"minecraft:gravel":13,"minecraft:stone_axe":3,"minecraft:stone_sword":3,"minecraft:cobbled_deepslate":77,"minecraft:tuff":22,"minecraft:raw_iron":19,"minecraft:shield":2,"minecraft:gunpowder":1,"minecraft:spruce_planks":60,"minecraft:andesite":48,"minecraft:arrow":1,"minecraft:stone_pickaxe":5},"minecraft:killed_by":{"minecraft:zombie":2}},"DataVersion":3953}