{"stats":{"minecraft:killed":{"minecraft:zombie":4},"minecraft:picked_up":{"minecraft:crafting_table":2,"minecraft:cooked_beef":1,"minecraft:andesite":48,"minecraft:leather":1,"minecraft:tuff":9,"minecraft:dirt":49,"minecraft:string":1,"minecraft:bone":2,"minecraft:wheat_seeds":1,"minecraft:cobbled_deepslate":132,"minecraft:raw_gold":8,"minecraft:spruce_planks":65,"minecraft:iron_ingot":13,"minecraft:stone_pickaxe":2,"minecraft:iron_pickaxe":1,"minecraft:furnace":1,"minecraft:stick":13,"minecraft:raw_iron":16,"minecraft:torch":13,"minecraft:gravel":6,"minecraft:spruce_sapling":8,"minecraft:diorite":70,"minecraft:spruce_log":13,"minecraft:stone_sword":1,"minecraft:rotten_flesh":8,"minecraft:stone_axe":1,"minecraft:granite":42,"minecraft:coal":64,"minecraft:cobblestone":318},"minecraft:used":{"minecraft:stone_sword":3,"minecraft:stone_pickaxe":478,"minecraft:spruce_planks":1,"minecraft:rotten_flesh":7,"minecraft:torch":15,"minecraft:dirt":3,"minecraft:crafting_table":2,"minecraft:iron_pickaxe":9,"minecraft:stone_axe":3,"minecraft:cobblestone":5,"minecraft:furnace":2},"minecraft:crafted":{"minecraft:crafting_table":1,"minecraft:spruce_planks":44,"minecraft:furnace":2,"minecraft:stone_axe":1,"minecraft:air":0,"minecraft:charcoal":2,"minecraft:stick":20,"minecraft:iron_pickaxe":1,"minecraft:stone_pickaxe":5,"minecraft:stone_sword":1,"minecraft:torch":20},"minecraft:dropped":{"minecraft:gravel":6,"minecraft:tuff":9,"minecraft:diorite":32,"minecraft:andesite":48,"minecraft:stone_pickaxe":1},"minecraft:killed_by":{"minecraft:zombie":2},"minecraft:broken":{"minecraft:stone_pickaxe":3},"minecraft:mined":{"minecraft:tuff":9,"minecraft:spruce_planks":2,"minecraft:crafting_table":2,"minecraft:granite":27,"minecraft:grass_block":1,"minecraft:cobblestone":1,"minecraft:spruce_leaves":54,"minecraft:deepslate_gold_ore":8,"minecraft:diorite":38,"minecraft:wall_torch":3,"minecraft:large_fern":4,"minecraft:furnace":1,"minecraft:iron_ore":12,"minecraft:spruce_log":13,"minecraft:andesite":24,"minecraft:coal_ore":37,"minecraft:deepslate_iron_ore":1,"minecraft:gravel":6,"minecraft:dirt":3,"minecraft:stone":203,"minecraft:deepslate":123,"minecraft:fern":1},"minecraft:custom":{"minecraft:interact_with_furnace":12,"minecraft:mob_kills":4,"minecraft:interact_with_crafting_table":12,"minecraft:leave_game":1,"minecraft:time_since_death":34176,"minecraft:time_since_rest":34202,"minecraft:sprint_one_cm":10097,"minecraft:damage_taken":1044,"minecraft:walk_one_cm":73126,"minecraft:drop":5,"minecraft:damage_dealt":462,"minecraft:fly_one_cm":7541,"minecraft:play_time":39443,"minecraft:deaths":3,"minecraft:jump":308,"minecraft:total_world_time":39443,"minecraft:fall_one_cm":3747}},"DataVersion":3953}