{"stats":{"minecraft:custom":{"minecraft:interact_with_furnace":44,"minecraft:mob_kills":26,"minecraft:interact_with_crafting_table":18,"minecraft:interact_with_stonecutter":1,"minecraft:leave_game":2,"minecraft:time_since_death":102325,"minecraft:climb_one_cm":248,"minecraft:time_since_rest":102351,"minecraft:sprint_one_cm":59224,"minecraft:damage_taken":1409,"minecraft:walk_one_cm":400048,"minecraft:damage_blocked_by_shield":1260,"minecraft:drop":46,"minecraft:damage_dealt":3339,"minecraft:swim_one_cm":50220,"minecraft:fly_one_cm":69658,"minecraft:crouch_one_cm":5844,"minecraft:play_time":107592,"minecraft:deaths":3,"minecraft:sneak_time":6128,"minecraft:walk_under_water_one_cm":9225,"minecraft:jump":1234,"minecraft:walk_on_water_one_cm":9342,"minecraft:total_world_time":107592,"minecraft:fall_one_cm":13821},"minecraft:mined":{"minecraft:deepslate_redstone_ore":8,"minecraft:tuff":27,"minecraft:spruce_planks":2,"minecraft:deepslate_diamond_ore":7,"minecraft:spruce_door":1,"minecraft:clay":2,"minecraft:crafting_table":4,"minecraft:granite":27,"minecraft:grass_block":1,"minecraft:tall_grass":3,"minecraft:cobblestone":41,"minecraft:deepslate_coal_ore":2,"minecraft:spruce_leaves":54,"minecraft:deepslate_gold_ore":14,"minecraft:moss_block":8,"minecraft:diorite":38,"minecraft:wall_torch":4,"minecraft:large_fern":7,"minecraft:furnace":3,"minecraft:iron_ore":16,"minecraft:cobbled_deepslate":48,"minecraft:spruce_log":13,"minecraft:andesite":24,"minecraft:coal_ore":44,"minecraft:deepslate_iron_ore":35,"minecraft:gravel":13,"minecraft:dirt":3,"minecraft:stone":204,"minecraft:gold_ore":1,"minecraft:deepslate":204,"minecraft:fern":1},"minecraft:broken":{"minecraft:stone_pickaxe":5},"minecraft:picked_up":{"minecraft:crafting_table":4,"minecraft:cooked_beef":1,"minecraft:feather":3,"minecraft:chicken":2,"minecraft:clay_ball":16,"minecraft:andesite":48,"minecraft:leather":2,"minecraft:flint":1,"minecraft:tuff":26,"minecraft:shield":1,"minecraft:gunpowder":1,"minecraft:lapis_lazuli":52,"minecraft:string":1,"minecraft:dirt":50,"minecraft:bone":4,"minecraft:wheat_seeds":1,"minecraft:cobbled_deepslate":354,"minecraft:raw_gold":15,"minecraft:spruce_planks":93,"minecraft:stone_pickaxe":5,"minecraft:iron_ingot":19,"minecraft:iron_pickaxe":2,"minecraft:moss_block":17,"minecraft:furnace":3,"minecraft:stick":13,"minecraft:raw_iron":64,"minecraft:torch":21,"minecraft:gravel":15,"minecraft:porkchop":7,"minecraft:spruce_sapling":8,"minecraft:diorite":102,"minecraft:spruce_log":14,"minecraft:redstone":55,"minecraft:spruce_door":2,"minecraft:stone_sword":2,"minecraft:arrow":1,"minecraft:rotten_flesh":11,"minecraft:diamond":18,"minecraft:stone_axe":2,"minecraft:granite":42,"minecraft:mutton":13,"minecraft:coal":111,"minecraft:white_wool":16,"minecraft:cobblestone":402},"minecraft:crafted":{"minecraft:cooked_porkchop":7,"minecraft:crafting_table":1,"minecraft:spruce_planks":44,"minecraft:cooked_chicken":2,"minecraft:iron_helmet":1,"minecraft:spruce_door":3,"minecraft:furnace":3,"minecraft:bucket":1,"minecraft:stone_axe":1,"minecraft:air":0,"minecraft:flint_and_steel":1,"minecraft:iron_boots":1,"minecraft:iron_chestplate":1,"minecraft:charcoal":2,"minecraft:shield":2,"minecraft:stick":28,"minecraft:iron_ingot":32,"minecraft:iron_pickaxe":1,"minecraft:stone_pickaxe":6,"minecraft:stone_sword":1,"minecraft:iron_leggings":1,"minecraft:torch":68,"minecraft:shears":1},"minecraft:killed":{"minecraft:pig":4,"minecraft:zombie_villager":1,"minecraft:spider":1,"minecraft:creeper":1,"minecraft:sheep":8,"minecraft:skeleton":3,"minecraft:zombie":6,"minecraft:chicken":2},"minecraft:used":{"minecraft:stone_sword":77,"minecraft:spruce_door":1,"minecraft:stone_pickaxe":664,"minecraft:spruce_planks":1,"minecraft:shield":20,"minecraft:cooked_chicken":2,"minecraft:rotten_flesh":7,"minecraft:iron_chestplate":1,"minecraft:torch":46,"minecraft:dirt":3,"minecraft:crafting_table":4,"minecraft:iron_pickaxe":83,"minecraft:stone_axe":6,"minecraft:cobblestone":58,"minecraft:furnace":4,"minecraft:cooked_porkchop":4,"minecraft:bucket":1,"minecraft:cobbled_deepslate":134},"minecraft:dropped":{"minecraft:gravel":13,"minecraft:stone_axe":2,"minecraft:lapis_lazuli":52,"minecraft:cooked_beef":1,"minecraft:stone_sword":2,"minecraft:cobbled_deepslate":77,"minecraft:diamond":11,"minecraft:tuff":22,"minecraft:cooked_porkchop":3,"minecraft:raw_iron":19,"minecraft:cobblestone":128,"minecraft:leather":1,"minecraft:granite":42,"minecraft:spruce_door":1,"minecraft:coal":60,"minecraft:dirt":47,"minecraft:shield":2,"minecraft:gunpowder":1,"minecraft:diorite":128,"minecraft:torch":33,"minecraft:spruce_planks":60,"minecraft:andesite":48,"minecraft:arrow":1,"minecraft:stone_pickaxe":5,"minecraft:iron_pickaxe":2,"minecraft:string":1,"minecraft:spruce_sapling":6},"minecraft:killed_by":{"minecraft:zombie":2}},"DataVersion":3953}