{"stats":{"minecraft:picked_up":{"minecraft:spruce_sapling":1},"minecraft:killed_by":{"minecraft:zombie":1,"minecraft:skeleton":1},"minecraft:mined":{"minecraft:spruce_leaves":6},"minecraft:custom":{"minecraft:jump":32,"minecraft:leave_game":1,"minecraft:time_since_rest":342,"minecraft:crouch_one_cm":44,"minecraft:deaths":2,"minecraft:damage_dealt":33,"minecraft:damage_taken":518,"minecraft:sprint_one_cm":1608,"minecraft:play_time":3230,"minecraft:time_since_death":315,"minecraft:walk_one_cm":9873,"minecraft:sneak_time":29,"minecraft:total_world_time":3230,"minecraft:fall_one_cm":1518,"minecraft:fly_one_cm":2612}},"DataVersion":3953}