{"stats":{"minecraft:killed":{"minecraft:spider":1,"minecraft:cow":1},"minecraft:picked_up":{"minecraft:raw_iron":1,"minecraft:stick":1,"minecraft:crafting_table":1,"minecraft:andesite":13,"minecraft:leather":1,"minecraft:spruce_sapling":10,"minecraft:diorite":13,"minecraft:spruce_log":25,"minecraft:string":1,"minecraft:dirt":23,"minecraft:rotten_flesh":2,"minecraft:beef":3,"minecraft:granite":16,"minecraft:coal":6,"minecraft:cobblestone":96},"minecraft:used":{"minecraft:stone_sword":2,"minecraft:stone_pickaxe":121,"minecraft:wooden_pickaxe":34,"minecraft:spruce_sapling":7,"minecraft:torch":2,"minecraft:stone_axe":14,"minecraft:dirt":1,"minecraft:crafting_table":5,"minecraft:furnace":1,"minecraft:cooked_beef":2,"minecraft:granite":1},"minecraft:dropped":{"minecraft:spruce_planks":1,"minecraft:cobblestone":19,"minecraft:wooden_pickaxe":1},"minecraft:crafted":{"minecraft:cooked_beef":3,"minecraft:crafting_table":4,"minecraft:spruce_planks":100,"minecraft:stick":8,"minecraft:wooden_pickaxe":1,"minecraft:stone_pickaxe":1,"minecraft:stone_sword":1,"minecraft:furnace":1,"minecraft:torch":4,"minecraft:stone_axe":1,"minecraft:air":0},"minecraft:killed_by":{"minecraft:skeleton":2,"minecraft:zombie":2},"minecraft:mined":{"minecraft:iron_ore":2,"minecraft:spruce_log":22,"minecraft:andesite":14,"minecraft:crafting_table":1,"minecraft:granite":18,"minecraft:short_grass":1,"minecraft:grass_block":2,"minecraft:coal_ore":8,"minecraft:dirt":8,"minecraft:spruce_leaves":18,"minecraft:stone":95,"minecraft:diorite":13},"minecraft:custom":{"minecraft:time_since_rest":19689,"minecraft:interact_with_furnace":14,"minecraft:sprint_one_cm":12806,"minecraft:damage_taken":1245,"minecraft:walk_one_cm":59975,"minecraft:mob_kills":2,"minecraft:drop":21,"minecraft:damage_dealt":513,"minecraft:swim_one_cm":7442,"minecraft:interact_with_crafting_table":8,"minecraft:fly_one_cm":19843,"minecraft:crouch_one_cm":44,"minecraft:play_time":32317,"minecraft:deaths":4,"minecraft:sneak_time":66,"minecraft:walk_under_water_one_cm":4027,"minecraft:jump":284,"minecraft:walk_on_water_one_cm":1643,"minecraft:leave_game":2,"minecraft:time_since_death":19210,"minecraft:total_world_time":32317,"minecraft:fall_one_cm":6773}},"DataVersion":3953}