{"stats":{"minecraft:picked_up":{"minecraft:stick":1,"minecraft:rotten_flesh":2,"minecraft:spruce_sapling":4,"minecraft:spruce_log":19,"minecraft:dirt":1},"minecraft:used":{"minecraft:crafting_table":3},"minecraft:crafted":{"minecraft:crafting_table":3,"minecraft:spruce_planks":76,"minecraft:stick":4,"minecraft:wooden_pickaxe":1},"minecraft:killed_by":{"minecraft:skeleton":2,"minecraft:zombie":2},"minecraft:mined":{"minecraft:dirt":1,"minecraft:spruce_log":16,"minecraft:spruce_leaves":16},"minecraft:custom":{"minecraft:time_since_rest":1941,"minecraft:crouch_one_cm":44,"minecraft:play_time":14569,"minecraft:sprint_one_cm":4527,"minecraft:deaths":4,"minecraft:damage_taken":1063,"minecraft:walk_one_cm":23831,"minecraft:sneak_time":57,"minecraft:jump":98,"minecraft:damage_dealt":47,"minecraft:leave_game":1,"minecraft:time_since_death":1462,"minecraft:total_world_time":14569,"minecraft:interact_with_crafting_table":4,"minecraft:fall_one_cm":2607,"minecraft:fly_one_cm":4840}},"DataVersion":3953}