{"stats":{"minecraft:custom":{"minecraft:interact_with_furnace":72,"minecraft:mob_kills":8,"minecraft:interact_with_crafting_table":33,"minecraft:interact_with_stonecutter":2,"minecraft:leave_game":2,"minecraft:time_since_death":7193,"minecraft:climb_one_cm":230,"minecraft:time_since_rest":7234,"minecraft:sprint_one_cm":55203,"minecraft:damage_taken":2310,"minecraft:walk_one_cm":392330,"minecraft:damage_blocked_by_shield":2000,"minecraft:drop":31,"minecraft:damage_dealt":2005,"minecraft:swim_one_cm":34601,"minecraft:fly_one_cm":53397,"minecraft:open_chest":18,"minecraft:crouch_one_cm":2028,"minecraft:play_time":104104,"minecraft:deaths":7,"minecraft:sneak_time":1546,"minecraft:walk_under_water_one_cm":12094,"minecraft:jump":1501,"minecraft:interact_with_blast_furnace":8,"minecraft:walk_on_water_one_cm":12622,"minecraft:total_world_time":104104,"minecraft:fall_one_cm":23112},"minecraft:mined":{"minecraft:deepslate_redstone_ore":4,"minecraft:tuff":4,"minecraft:deepslate_diamond_ore":16,"minecraft:clay":317,"minecraft:crafting_table":3,"minecraft:torch":13,"minecraft:granite":65,"minecraft:short_grass":1,"minecraft:grass_block":8,"minecraft:deepslate_coal_ore":1,"minecraft:spruce_leaves":18,"minecraft:sugar_cane":5,"minecraft:moss_block":19,"minecraft:diorite":58,"minecraft:wall_torch":1,"minecraft:furnace":2,"minecraft:iron_ore":12,"minecraft:cobbled_deepslate":1,"minecraft:spruce_log":22,"minecraft:andesite":24,"minecraft:deepslate_lapis_ore":8,"minecraft:polished_deepslate":8,"minecraft:cave_vines":4,"minecraft:coal_ore":35,"minecraft:deepslate_iron_ore":18,"minecraft:sand":217,"minecraft:gravel":10,"minecraft:dirt":24,"minecraft:stone":136,"minecraft:deepslate":197},"minecraft:broken":{"minecraft:stone_pickaxe":1,"minecraft:iron_pickaxe":1},"minecraft:picked_up":{"minecraft:crafting_table":3,"minecraft:cooked_beef":1,"minecraft:clay_ball":1196,"minecraft:andesite":71,"minecraft:leather":2,"minecraft:tuff":13,"minecraft:brick":47,"minecraft:shield":3,"minecraft:polished_deepslate":102,"minecraft:lapis_lazuli":156,"minecraft:dirt":45,"minecraft:string":2,"minecraft:cobbled_deepslate":328,"minecraft:spruce_planks":64,"minecraft:iron_ingot":9,"minecraft:beef":3,"minecraft:stone_pickaxe":7,"minecraft:iron_pickaxe":3,"minecraft:sugar_cane":10,"minecraft:moss_block":8,"minecraft:chest":1,"minecraft:furnace":2,"minecraft:stick":10,"minecraft:raw_iron":50,"minecraft:stone":1,"minecraft:cooked_porkchop":3,"minecraft:big_dripleaf":2,"minecraft:torch":62,"minecraft:gravel":21,"minecraft:sand":371,"minecraft:spruce_sapling":10,"minecraft:diorite":90,"minecraft:spruce_log":25,"minecraft:redstone":19,"minecraft:diamond_shovel":1,"minecraft:stone_sword":3,"minecraft:arrow":1,"minecraft:rotten_flesh":11,"minecraft:diamond":27,"minecraft:stone_axe":3,"minecraft:granite":63,"minecraft:glow_berries":1,"minecraft:coal":94,"minecraft:cobblestone":320,"minecraft:nautilus_shell":2},"minecraft:crafted":{"minecraft:brick":65,"minecraft:cooked_beef":3,"minecraft:smooth_stone":3,"minecraft:crafting_table":5,"minecraft:spruce_planks":100,"minecraft:wooden_pickaxe":1,"minecraft:furnace":2,"minecraft:blast_furnace":1,"minecraft:stone":8,"minecraft:diamond_shovel":1,"minecraft:stone_axe":1,"minecraft:air":0,"minecraft:iron_boots":1,"minecraft:iron_chestplate":1,"minecraft:polished_deepslate":112,"minecraft:stick":44,"minecraft:iron_ingot":36,"minecraft:iron_pickaxe":1,"minecraft:stone_pickaxe":3,"minecraft:iron_leggings":1,"minecraft:stonecutter":1,"minecraft:stone_sword":1,"minecraft:chest":2,"minecraft:bricks":16,"minecraft:torch":60},"minecraft:killed":{"minecraft:spider":1,"minecraft:skeleton":1,"minecraft:zombie":2,"minecraft:drowned":3,"minecraft:cow":1},"minecraft:used":{"minecraft:stone_sword":16,"minecraft:polished_deepslate":26,"minecraft:stone_pickaxe":314,"minecraft:chest":2,"minecraft:spruce_planks":1,"minecraft:wooden_pickaxe":34,"minecraft:shield":26,"minecraft:stonecutter":1,"minecraft:sugar_cane":10,"minecraft:rotten_flesh":4,"minecraft:iron_chestplate":1,"minecraft:torch":85,"minecraft:glow_berries":1,"minecraft:dirt":21,"minecraft:sand":63,"minecraft:crafting_table":8,"minecraft:blast_furnace":1,"minecraft:granite":3,"minecraft:diamond_shovel":537,"minecraft:iron_pickaxe":260,"minecraft:spruce_sapling":7,"minecraft:gravel":1,"minecraft:stone_axe":28,"minecraft:cobblestone":21,"minecraft:furnace":3,"minecraft:cooked_porkchop":3,"minecraft:cooked_beef":3,"minecraft:cobbled_deepslate":4},"minecraft:dropped":{"minecraft:gravel":13,"minecraft:moss_block":8,"minecraft:cobblestone":21,"minecraft:stick":6,"minecraft:spruce_planks":1,"minecraft:arrow":1,"minecraft:stone_pickaxe":2,"minecraft:wooden_pickaxe":1,"minecraft:string":1},"minecraft:killed_by":{"minecraft:skeleton":3,"minecraft:zombie":3,"minecraft:drowned":1}},"DataVersion":3953}