{"stats":{"minecraft:broken":{"minecraft:stone_pickaxe":1,"minecraft:iron_pickaxe":1},"minecraft:custom":{"minecraft:mob_kills":11,"minecraft:interact_with_crafting_table":45,"minecraft:leave_game":2,"minecraft:time_since_death":55193,"minecraft:climb_one_cm":230,"minecraft:sprint_one_cm":109849,"minecraft:walk_one_cm":638795,"minecraft:damage_blocked_by_shield":2000,"minecraft:drop":47,"minecraft:talked_to_villager":1,"minecraft:sneak_time":4450,"minecraft:play_time":152104,"minecraft:deaths":7,"minecraft:walk_under_water_one_cm":15364,"minecraft:jump":2063,"minecraft:interact_with_blast_furnace":13,"minecraft:walk_on_water_one_cm":29880,"minecraft:total_world_time":152104,"minecraft:interact_with_furnace":98,"minecraft:interact_with_stonecutter":16,"minecraft:sleep_in_bed":2,"minecraft:time_since_rest":24,"minecraft:damage_taken":2666,"minecraft:damage_dealt":2903,"minecraft:swim_one_cm":57041,"minecraft:fly_one_cm":143916,"minecraft:open_chest":47,"minecraft:crouch_one_cm":8269,"minecraft:fall_one_cm":36707},"minecraft:mined":{"minecraft:polished_granite_slab":31,"minecraft:tuff":4,"minecraft:deepslate_diamond_ore":16,"minecraft:granite":70,"minecraft:grass_block":120,"minecraft:spruce_leaves":18,"minecraft:moss_block":19,"minecraft:hay_block":9,"minecraft:furnace":4,"minecraft:iron_ore":12,"minecraft:cobbled_deepslate":1,"minecraft:andesite":24,"minecraft:deepslate_lapis_ore":8,"minecraft:polished_deepslate":11,"minecraft:dirt_path":8,"minecraft:cave_vines":4,"minecraft:deepslate_iron_ore":18,"minecraft:stone":142,"minecraft:polished_granite_stairs":10,"minecraft:deepslate_redstone_ore":4,"minecraft:stone_brick_slab":13,"minecraft:polished_granite":11,"minecraft:crafting_table":3,"minecraft:clay":317,"minecraft:torch":13,"minecraft:short_grass":5,"minecraft:blast_furnace":1,"minecraft:chest":3,"minecraft:deepslate_coal_ore":1,"minecraft:oak_planks":43,"minecraft:sugar_cane":13,"minecraft:bricks":47,"minecraft:diorite":58,"minecraft:wall_torch":1,"minecraft:spruce_log":22,"minecraft:coal_ore":80,"minecraft:dirt":161,"minecraft:gravel":10,"minecraft:sand":219,"minecraft:stonecutter":2,"minecraft:oak_leaves":3,"minecraft:deepslate":197},"minecraft:picked_up":{"minecraft:crafting_table":3,"minecraft:clay_ball":1245,"minecraft:shield":3,"minecraft:brick":51,"minecraft:polished_deepslate":105,"minecraft:string":2,"minecraft:cobbled_deepslate":328,"minecraft:spruce_planks":68,"minecraft:beef":3,"minecraft:iron_pickaxe":3,"minecraft:sugar_cane":10,"minecraft:chest":5,"minecraft:furnace":6,"minecraft:raw_iron":50,"minecraft:stick":10,"minecraft:stone":13,"minecraft:big_dripleaf":2,"minecraft:torch":62,"minecraft:diorite":90,"minecraft:redstone":19,"minecraft:polished_granite_stairs":10,"minecraft:stone_sword":4,"minecraft:arrow":3,"minecraft:rotten_flesh":14,"minecraft:hay_block":7,"minecraft:glow_berries":1,"minecraft:cobblestone":358,"minecraft:nautilus_shell":2,"minecraft:cooked_beef":1,"minecraft:andesite":71,"minecraft:leather":2,"minecraft:tuff":13,"minecraft:lapis_lazuli":156,"minecraft:dirt":301,"minecraft:polished_granite":11,"minecraft:stonecutter":2,"minecraft:wheat_seeds":3,"minecraft:stone_pickaxe":8,"minecraft:iron_ingot":13,"minecraft:moss_block":8,"minecraft:oak_planks":42,"minecraft:cooked_porkchop":3,"minecraft:stone_brick_slab":13,"minecraft:gravel":21,"minecraft:sand":373,"minecraft:spruce_sapling":10,"minecraft:blast_furnace":1,"minecraft:spruce_log":25,"minecraft:diamond_shovel":1,"minecraft:diamond":27,"minecraft:stone_axe":3,"minecraft:polished_granite_slab":32,"minecraft:granite":68,"minecraft:bread":2,"minecraft:bricks":47,"minecraft:coal":139},"minecraft:crafted":{"minecraft:brick":279,"minecraft:smooth_stone":3,"minecraft:polished_granite_slab":34,"minecraft:furnace":2,"minecraft:blast_furnace":1,"minecraft:stone":12,"minecraft:diamond_shovel":1,"minecraft:iron_boots":1,"minecraft:polished_deepslate":112,"minecraft:polished_granite_stairs":16,"minecraft:stone_pickaxe":3,"minecraft:chest":2,"minecraft:bricks":70,"minecraft:wheat":63,"minecraft:cooked_beef":3,"minecraft:crafting_table":5,"minecraft:spruce_planks":100,"minecraft:wooden_pickaxe":1,"minecraft:polished_granite":19,"minecraft:stone_axe":1,"minecraft:bread":21,"minecraft:air":0,"minecraft:iron_chestplate":1,"minecraft:diamond_pickaxe":1,"minecraft:stick":44,"minecraft:iron_ingot":36,"minecraft:iron_pickaxe":1,"minecraft:stone_sword":1,"minecraft:iron_leggings":1,"minecraft:stonecutter":1,"minecraft:torch":60},"minecraft:killed":{"minecraft:spider":1,"minecraft:skeleton":1,"minecraft:drowned":4,"minecraft:zombie":4,"minecraft:cow":1},"minecraft:used":{"minecraft:stone_sword":31,"minecraft:polished_granite_stairs":25,"minecraft:polished_deepslate":28,"minecraft:spruce_planks":1,"minecraft:chest":4,"minecraft:shield":26,"minecraft:rotten_flesh":9,"minecraft:iron_chestplate":1,"minecraft:torch":85,"minecraft:dirt":277,"minecraft:polished_granite_slab":65,"minecraft:granite":3,"minecraft:stone_brick_slab":40,"minecraft:bricks":48,"minecraft:furnace":5,"minecraft:cooked_beef":3,"minecraft:cobbled_deepslate":4,"minecraft:stone_pickaxe":330,"minecraft:oak_planks":3,"minecraft:wooden_pickaxe":34,"minecraft:stonecutter":3,"minecraft:sugar_cane":10,"minecraft:glow_berries":1,"minecraft:sand":63,"minecraft:crafting_table":8,"minecraft:blast_furnace":2,"minecraft:diamond_pickaxe":165,"minecraft:diamond_shovel":794,"minecraft:bread":6,"minecraft:iron_pickaxe":260,"minecraft:polished_granite":25,"minecraft:spruce_sapling":7,"minecraft:gravel":1,"minecraft:stone_axe":78,"minecraft:cobblestone":21,"minecraft:cooked_porkchop":3},"minecraft:dropped":{"minecraft:iron_ingot":2,"minecraft:moss_block":8,"minecraft:wheat_seeds":1,"minecraft:cobblestone":21,"minecraft:stick":6,"minecraft:string":1,"minecraft:gravel":13,"minecraft:furnace":2,"minecraft:stone_axe":1,"minecraft:stone_sword":1,"minecraft:spruce_planks":9,"minecraft:chest":2,"minecraft:arrow":3,"minecraft:stone_pickaxe":3,"minecraft:wooden_pickaxe":1,"minecraft:brick":2},"minecraft:killed_by":{"minecraft:drowned":1,"minecraft:skeleton":3,"minecraft:zombie":3}},"DataVersion":3953}