{"stats":{"minecraft:broken":{"minecraft:stone_pickaxe":1,"minecraft:iron_pickaxe":1},"minecraft:custom":{"minecraft:mob_kills":12,"minecraft:interact_with_crafting_table":47,"minecraft:leave_game":2,"minecraft:time_since_death":79193,"minecraft:climb_one_cm":230,"minecraft:sprint_one_cm":129491,"minecraft:walk_one_cm":709469,"minecraft:damage_blocked_by_shield":2161,"minecraft:drop":50,"minecraft:talked_to_villager":1,"minecraft:sneak_time":7798,"minecraft:play_time":176104,"minecraft:deaths":7,"minecraft:walk_under_water_one_cm":17936,"minecraft:jump":2359,"minecraft:interact_with_blast_furnace":17,"minecraft:walk_on_water_one_cm":32085,"minecraft:total_world_time":176104,"minecraft:interact_with_furnace":110,"minecraft:interact_with_stonecutter":19,"minecraft:sleep_in_bed":3,"minecraft:time_since_rest":8322,"minecraft:damage_taken":2958,"minecraft:damage_dealt":3094,"minecraft:swim_one_cm":71105,"minecraft:fly_one_cm":175796,"minecraft:open_chest":47,"minecraft:crouch_one_cm":15009,"minecraft:fall_one_cm":40725},"minecraft:mined":{"minecraft:polished_granite_slab":32,"minecraft:diamond_ore":2,"minecraft:tuff":6,"minecraft:deepslate_diamond_ore":18,"minecraft:granite":98,"minecraft:grass_block":126,"minecraft:spruce_leaves":18,"minecraft:moss_block":19,"minecraft:hay_block":9,"minecraft:furnace":4,"minecraft:iron_ore":39,"minecraft:cobbled_deepslate":1,"minecraft:andesite":24,"minecraft:deepslate_lapis_ore":8,"minecraft:polished_deepslate":11,"minecraft:dirt_path":8,"minecraft:cave_vines":4,"minecraft:deepslate_iron_ore":18,"minecraft:stone":435,"minecraft:polished_granite_stairs":10,"minecraft:deepslate_redstone_ore":4,"minecraft:stone_brick_slab":13,"minecraft:polished_granite":11,"minecraft:crafting_table":3,"minecraft:clay":317,"minecraft:torch":13,"minecraft:short_grass":5,"minecraft:blast_furnace":1,"minecraft:chest":3,"minecraft:copper_ore":4,"minecraft:deepslate_coal_ore":1,"minecraft:oak_planks":43,"minecraft:sugar_cane":13,"minecraft:bricks":48,"minecraft:diorite":75,"minecraft:wall_torch":2,"minecraft:brick_slab":1,"minecraft:spruce_log":22,"minecraft:coal_ore":80,"minecraft:dirt":193,"minecraft:gravel":40,"minecraft:sand":219,"minecraft:stonecutter":2,"minecraft:oak_leaves":3,"minecraft:deepslate":281},"minecraft:picked_up":{"minecraft:crafting_table":3,"minecraft:clay_ball":1245,"minecraft:shield":3,"minecraft:brick":51,"minecraft:polished_deepslate":105,"minecraft:string":2,"minecraft:raw_copper":13,"minecraft:cobbled_deepslate":412,"minecraft:spruce_planks":68,"minecraft:beef":3,"minecraft:iron_pickaxe":3,"minecraft:sugar_cane":10,"minecraft:chest":5,"minecraft:furnace":6,"minecraft:raw_iron":77,"minecraft:stick":10,"minecraft:stone":13,"minecraft:big_dripleaf":2,"minecraft:torch":62,"minecraft:diorite":107,"minecraft:redstone":19,"minecraft:polished_granite_stairs":10,"minecraft:stone_sword":4,"minecraft:arrow":3,"minecraft:rotten_flesh":19,"minecraft:hay_block":7,"minecraft:glow_berries":1,"minecraft:cobblestone":657,"minecraft:nautilus_shell":2,"minecraft:cooked_beef":1,"minecraft:andesite":71,"minecraft:leather":2,"minecraft:flint":4,"minecraft:tuff":15,"minecraft:lapis_lazuli":156,"minecraft:dirt":345,"minecraft:polished_granite":11,"minecraft:stonecutter":2,"minecraft:wheat_seeds":3,"minecraft:stone_pickaxe":8,"minecraft:iron_ingot":13,"minecraft:moss_block":8,"minecraft:oak_planks":42,"minecraft:cooked_porkchop":3,"minecraft:stone_brick_slab":13,"minecraft:gravel":48,"minecraft:sand":373,"minecraft:spruce_sapling":10,"minecraft:blast_furnace":1,"minecraft:spruce_log":25,"minecraft:brick_slab":1,"minecraft:diamond_shovel":1,"minecraft:diamond":31,"minecraft:stone_axe":3,"minecraft:polished_granite_slab":33,"minecraft:granite":96,"minecraft:bread":2,"minecraft:bricks":48,"minecraft:coal":203},"minecraft:crafted":{"minecraft:brick":407,"minecraft:smooth_stone":3,"minecraft:polished_granite_slab":34,"minecraft:brick_stairs":2,"minecraft:furnace":2,"minecraft:blast_furnace":1,"minecraft:stone":12,"minecraft:diamond_shovel":1,"minecraft:iron_boots":1,"minecraft:polished_deepslate":112,"minecraft:polished_granite_stairs":16,"minecraft:stone_pickaxe":3,"minecraft:chest":2,"minecraft:bricks":102,"minecraft:brick_slab":2,"minecraft:wheat":63,"minecraft:cooked_beef":3,"minecraft:crafting_table":5,"minecraft:spruce_planks":100,"minecraft:iron_helmet":1,"minecraft:wooden_pickaxe":1,"minecraft:polished_granite":19,"minecraft:stone_axe":1,"minecraft:bread":21,"minecraft:air":0,"minecraft:iron_chestplate":1,"minecraft:diamond_pickaxe":1,"minecraft:stick":48,"minecraft:iron_ingot":44,"minecraft:iron_pickaxe":1,"minecraft:stone_sword":1,"minecraft:iron_leggings":1,"minecraft:stonecutter":1,"minecraft:torch":76},"minecraft:killed":{"minecraft:spider":1,"minecraft:skeleton":1,"minecraft:drowned":4,"minecraft:zombie":5,"minecraft:cow":1},"minecraft:used":{"minecraft:stone_sword":31,"minecraft:polished_granite_stairs":25,"minecraft:polished_deepslate":28,"minecraft:spruce_planks":1,"minecraft:chest":4,"minecraft:shield":27,"minecraft:rotten_flesh":11,"minecraft:iron_chestplate":1,"minecraft:torch":104,"minecraft:dirt":300,"minecraft:brick_slab":1,"minecraft:polished_granite_slab":66,"minecraft:granite":3,"minecraft:stone_brick_slab":49,"minecraft:bricks":81,"minecraft:brick_stairs":2,"minecraft:furnace":5,"minecraft:cooked_beef":3,"minecraft:cobbled_deepslate":4,"minecraft:stone_pickaxe":330,"minecraft:oak_planks":3,"minecraft:wooden_pickaxe":34,"minecraft:stonecutter":3,"minecraft:sugar_cane":10,"minecraft:glow_berries":1,"minecraft:sand":63,"minecraft:crafting_table":8,"minecraft:blast_furnace":2,"minecraft:diamond_pickaxe":627,"minecraft:diamond_shovel":861,"minecraft:bread":12,"minecraft:iron_pickaxe":260,"minecraft:polished_granite":25,"minecraft:spruce_sapling":7,"minecraft:gravel":1,"minecraft:stone_axe":82,"minecraft:cobblestone":24,"minecraft:cooked_porkchop":3},"minecraft:dropped":{"minecraft:iron_ingot":2,"minecraft:moss_block":8,"minecraft:wheat_seeds":1,"minecraft:cobblestone":21,"minecraft:stick":6,"minecraft:string":1,"minecraft:gravel":13,"minecraft:furnace":2,"minecraft:stone_axe":1,"minecraft:stone_sword":1,"minecraft:rotten_flesh":3,"minecraft:spruce_planks":9,"minecraft:chest":2,"minecraft:arrow":3,"minecraft:stone_pickaxe":3,"minecraft:wooden_pickaxe":1,"minecraft:brick":2},"minecraft:killed_by":{"minecraft:drowned":1,"minecraft:skeleton":3,"minecraft:zombie":3}},"DataVersion":3953}