{"stats":{"minecraft:killed":{"minecraft:spider":1,"minecraft:cow":1},"minecraft:picked_up":{"minecraft:crafting_table":2,"minecraft:cooked_beef":1,"minecraft:andesite":71,"minecraft:leather":2,"minecraft:tuff":13,"minecraft:shield":2,"minecraft:lapis_lazuli":104,"minecraft:dirt":45,"minecraft:string":2,"minecraft:cobbled_deepslate":313,"minecraft:spruce_planks":32,"minecraft:beef":3,"minecraft:stone_pickaxe":5,"minecraft:iron_pickaxe":2,"minecraft:moss_block":8,"minecraft:stick":1,"minecraft:raw_iron":44,"minecraft:torch":46,"minecraft:gravel":9,"minecraft:spruce_sapling":10,"minecraft:diorite":90,"minecraft:spruce_log":25,"minecraft:redstone":19,"minecraft:stone_sword":2,"minecraft:rotten_flesh":3,"minecraft:diamond":25,"minecraft:stone_axe":2,"minecraft:granite":16,"minecraft:glow_berries":1,"minecraft:coal":94,"minecraft:cobblestone":266},"minecraft:used":{"minecraft:stone_sword":2,"minecraft:stone_pickaxe":265,"minecraft:shield":1,"minecraft:spruce_planks":1,"minecraft:wooden_pickaxe":34,"minecraft:torch":59,"minecraft:dirt":21,"minecraft:crafting_table":6,"minecraft:granite":3,"minecraft:iron_pickaxe":229,"minecraft:spruce_sapling":7,"minecraft:stone_axe":20,"minecraft:cobblestone":21,"minecraft:furnace":1,"minecraft:cooked_beef":3,"minecraft:cobbled_deepslate":4},"minecraft:dropped":{"minecraft:cobblestone":19,"minecraft:spruce_planks":1,"minecraft:wooden_pickaxe":1},"minecraft:crafted":{"minecraft:cooked_beef":3,"minecraft:crafting_table":4,"minecraft:spruce_planks":100,"minecraft:wooden_pickaxe":1,"minecraft:furnace":1,"minecraft:stone_axe":1,"minecraft:air":0,"minecraft:polished_deepslate":92,"minecraft:stick":36,"minecraft:iron_ingot":9,"minecraft:iron_pickaxe":1,"minecraft:stone_pickaxe":3,"minecraft:stone_sword":1,"minecraft:torch":48},"minecraft:killed_by":{"minecraft:skeleton":3,"minecraft:zombie":3},"minecraft:broken":{"minecraft:stone_pickaxe":1},"minecraft:custom":{"minecraft:interact_with_furnace":22,"minecraft:mob_kills":2,"minecraft:interact_with_crafting_table":12,"minecraft:leave_game":2,"minecraft:time_since_death":9753,"minecraft:climb_one_cm":230,"minecraft:time_since_rest":9818,"minecraft:sprint_one_cm":32654,"minecraft:damage_taken":1850,"minecraft:walk_one_cm":201615,"minecraft:damage_blocked_by_shield":80,"minecraft:drop":21,"minecraft:damage_dealt":817,"minecraft:swim_one_cm":34158,"minecraft:fly_one_cm":38858,"minecraft:crouch_one_cm":955,"minecraft:play_time":68317,"minecraft:deaths":6,"minecraft:sneak_time":947,"minecraft:walk_under_water_one_cm":9336,"minecraft:jump":903,"minecraft:walk_on_water_one_cm":3357,"minecraft:total_world_time":68317,"minecraft:fall_one_cm":18210},"minecraft:mined":{"minecraft:deepslate_redstone_ore":4,"minecraft:tuff":4,"minecraft:deepslate_diamond_ore":14,"minecraft:crafting_table":2,"minecraft:torch":11,"minecraft:granite":18,"minecraft:short_grass":1,"minecraft:grass_block":8,"minecraft:deepslate_coal_ore":1,"minecraft:spruce_leaves":18,"minecraft:moss_block":19,"minecraft:diorite":58,"minecraft:wall_torch":1,"minecraft:iron_ore":12,"minecraft:cobbled_deepslate":1,"minecraft:spruce_log":22,"minecraft:andesite":24,"minecraft:deepslate_lapis_ore":8,"minecraft:cave_vines":4,"minecraft:coal_ore":35,"minecraft:deepslate_iron_ore":13,"minecraft:gravel":4,"minecraft:dirt":24,"minecraft:stone":136,"minecraft:deepslate":182}},"DataVersion":3953}