{"stats":{"minecraft:custom":{"minecraft:interact_with_furnace":25,"minecraft:mob_kills":3,"minecraft:interact_with_crafting_table":13,"minecraft:leave_game":2,"minecraft:time_since_death":27540,"minecraft:climb_one_cm":230,"minecraft:time_since_rest":27605,"minecraft:sprint_one_cm":46503,"minecraft:damage_taken":1860,"minecraft:walk_one_cm":293975,"minecraft:damage_blocked_by_shield":1070,"minecraft:drop":29,"minecraft:damage_dealt":1007,"minecraft:swim_one_cm":34158,"minecraft:fly_one_cm":45916,"minecraft:crouch_one_cm":2019,"minecraft:play_time":86104,"minecraft:deaths":6,"minecraft:sneak_time":1541,"minecraft:walk_under_water_one_cm":10561,"minecraft:jump":1357,"minecraft:walk_on_water_one_cm":8755,"minecraft:total_world_time":86104,"minecraft:fall_one_cm":22067},"minecraft:mined":{"minecraft:deepslate_redstone_ore":4,"minecraft:tuff":4,"minecraft:deepslate_diamond_ore":16,"minecraft:clay":317,"minecraft:crafting_table":3,"minecraft:torch":13,"minecraft:granite":18,"minecraft:short_grass":1,"minecraft:grass_block":8,"minecraft:deepslate_coal_ore":1,"minecraft:spruce_leaves":18,"minecraft:moss_block":19,"minecraft:diorite":58,"minecraft:wall_torch":1,"minecraft:furnace":2,"minecraft:iron_ore":12,"minecraft:cobbled_deepslate":1,"minecraft:spruce_log":22,"minecraft:andesite":24,"minecraft:deepslate_lapis_ore":8,"minecraft:polished_deepslate":8,"minecraft:cave_vines":4,"minecraft:coal_ore":35,"minecraft:deepslate_iron_ore":18,"minecraft:sand":13,"minecraft:gravel":10,"minecraft:dirt":24,"minecraft:stone":136,"minecraft:deepslate":197},"minecraft:broken":{"minecraft:stone_pickaxe":1},"minecraft:picked_up":{"minecraft:crafting_table":3,"minecraft:cooked_beef":1,"minecraft:clay_ball":1196,"minecraft:andesite":71,"minecraft:leather":2,"minecraft:tuff":13,"minecraft:shield":2,"minecraft:polished_deepslate":8,"minecraft:lapis_lazuli":104,"minecraft:dirt":45,"minecraft:string":2,"minecraft:cobbled_deepslate":328,"minecraft:spruce_planks":60,"minecraft:beef":3,"minecraft:stone_pickaxe":6,"minecraft:iron_pickaxe":2,"minecraft:moss_block":8,"minecraft:furnace":2,"minecraft:stick":1,"minecraft:raw_iron":50,"minecraft:big_dripleaf":2,"minecraft:torch":52,"minecraft:gravel":21,"minecraft:sand":8,"minecraft:spruce_sapling":10,"minecraft:diorite":90,"minecraft:spruce_log":25,"minecraft:redstone":19,"minecraft:stone_sword":2,"minecraft:arrow":1,"minecraft:rotten_flesh":3,"minecraft:diamond":27,"minecraft:stone_axe":2,"minecraft:granite":16,"minecraft:glow_berries":1,"minecraft:coal":94,"minecraft:cobblestone":266},"minecraft:crafted":{"minecraft:cooked_beef":3,"minecraft:crafting_table":5,"minecraft:spruce_planks":100,"minecraft:wooden_pickaxe":1,"minecraft:furnace":1,"minecraft:diamond_shovel":1,"minecraft:stone_axe":1,"minecraft:air":0,"minecraft:polished_deepslate":112,"minecraft:stick":44,"minecraft:iron_ingot":9,"minecraft:iron_pickaxe":1,"minecraft:stone_pickaxe":3,"minecraft:stone_sword":1,"minecraft:torch":48},"minecraft:killed":{"minecraft:spider":1,"minecraft:skeleton":1,"minecraft:cow":1},"minecraft:used":{"minecraft:stone_sword":5,"minecraft:polished_deepslate":23,"minecraft:stone_pickaxe":271,"minecraft:spruce_planks":1,"minecraft:wooden_pickaxe":34,"minecraft:shield":17,"minecraft:torch":74,"minecraft:glow_berries":1,"minecraft:dirt":21,"minecraft:sand":3,"minecraft:crafting_table":7,"minecraft:granite":3,"minecraft:diamond_shovel":334,"minecraft:iron_pickaxe":256,"minecraft:spruce_sapling":7,"minecraft:gravel":1,"minecraft:stone_axe":21,"minecraft:cobblestone":21,"minecraft:furnace":1,"minecraft:cooked_beef":3,"minecraft:cobbled_deepslate":4},"minecraft:dropped":{"minecraft:gravel":13,"minecraft:moss_block":8,"minecraft:cobblestone":19,"minecraft:stick":6,"minecraft:spruce_planks":1,"minecraft:arrow":1,"minecraft:stone_pickaxe":2,"minecraft:wooden_pickaxe":1,"minecraft:string":1},"minecraft:killed_by":{"minecraft:skeleton":3,"minecraft:zombie":3}},"DataVersion":3953}