{"stats":{"minecraft:killed":{"minecraft:spider":1,"minecraft:cow":1},"minecraft:picked_up":{"minecraft:raw_iron":12,"minecraft:stick":1,"minecraft:crafting_table":1,"minecraft:andesite":23,"minecraft:leather":1,"minecraft:spruce_sapling":10,"minecraft:diorite":58,"minecraft:spruce_log":25,"minecraft:string":1,"minecraft:dirt":43,"minecraft:rotten_flesh":2,"minecraft:cobbled_deepslate":73,"minecraft:beef":3,"minecraft:granite":16,"minecraft:coal":30,"minecraft:cobblestone":137},"minecraft:used":{"minecraft:stone_sword":2,"minecraft:stone_pickaxe":218,"minecraft:iron_pickaxe":106,"minecraft:spruce_planks":1,"minecraft:wooden_pickaxe":34,"minecraft:spruce_sapling":7,"minecraft:torch":6,"minecraft:stone_axe":20,"minecraft:dirt":21,"minecraft:crafting_table":5,"minecraft:furnace":1,"minecraft:cooked_beef":2,"minecraft:granite":3},"minecraft:dropped":{"minecraft:spruce_planks":1,"minecraft:cobblestone":19,"minecraft:wooden_pickaxe":1},"minecraft:crafted":{"minecraft:cooked_beef":3,"minecraft:crafting_table":4,"minecraft:spruce_planks":100,"minecraft:stick":28,"minecraft:iron_pickaxe":1,"minecraft:iron_ingot":3,"minecraft:wooden_pickaxe":1,"minecraft:stone_pickaxe":3,"minecraft:stone_sword":1,"minecraft:furnace":1,"minecraft:torch":16,"minecraft:stone_axe":1,"minecraft:air":0},"minecraft:killed_by":{"minecraft:skeleton":2,"minecraft:zombie":3},"minecraft:broken":{"minecraft:stone_pickaxe":1},"minecraft:mined":{"minecraft:iron_ore":12,"minecraft:spruce_log":22,"minecraft:andesite":24,"minecraft:crafting_table":1,"minecraft:granite":18,"minecraft:short_grass":1,"minecraft:grass_block":7,"minecraft:coal_ore":31,"minecraft:dirt":23,"minecraft:deepslate_coal_ore":1,"minecraft:spruce_leaves":18,"minecraft:stone":136,"minecraft:diorite":58,"minecraft:deepslate":73},"minecraft:custom":{"minecraft:time_since_rest":3661,"minecraft:interact_with_furnace":20,"minecraft:sprint_one_cm":18768,"minecraft:damage_taken":1520,"minecraft:walk_one_cm":100792,"minecraft:mob_kills":2,"minecraft:drop":21,"minecraft:damage_dealt":817,"minecraft:swim_one_cm":7442,"minecraft:interact_with_crafting_table":11,"minecraft:fly_one_cm":27279,"minecraft:crouch_one_cm":298,"minecraft:play_time":44317,"minecraft:deaths":5,"minecraft:sneak_time":270,"minecraft:walk_under_water_one_cm":4027,"minecraft:jump":515,"minecraft:walk_on_water_one_cm":1643,"minecraft:leave_game":2,"minecraft:time_since_death":3635,"minecraft:total_world_time":44317,"minecraft:fall_one_cm":10945}},"DataVersion":3953}