{"stats":{"minecraft:killed":{"minecraft:spider":1,"minecraft:cow":1},"minecraft:picked_up":{"minecraft:crafting_table":1,"minecraft:cooked_beef":1,"minecraft:andesite":71,"minecraft:leather":2,"minecraft:tuff":13,"minecraft:shield":1,"minecraft:lapis_lazuli":52,"minecraft:dirt":43,"minecraft:string":1,"minecraft:cobbled_deepslate":190,"minecraft:spruce_planks":32,"minecraft:beef":3,"minecraft:stone_pickaxe":3,"minecraft:iron_pickaxe":1,"minecraft:stick":1,"minecraft:raw_iron":23,"minecraft:torch":10,"minecraft:gravel":7,"minecraft:spruce_sapling":10,"minecraft:diorite":90,"minecraft:spruce_log":25,"minecraft:redstone":19,"minecraft:stone_sword":1,"minecraft:rotten_flesh":2,"minecraft:stone_axe":1,"minecraft:granite":16,"minecraft:coal":63,"minecraft:cobblestone":202},"minecraft:used":{"minecraft:stone_sword":2,"minecraft:stone_pickaxe":233,"minecraft:spruce_planks":1,"minecraft:wooden_pickaxe":34,"minecraft:torch":34,"minecraft:dirt":21,"minecraft:crafting_table":5,"minecraft:granite":3,"minecraft:iron_pickaxe":186,"minecraft:spruce_sapling":7,"minecraft:stone_axe":20,"minecraft:cobblestone":21,"minecraft:furnace":1,"minecraft:cooked_beef":3},"minecraft:dropped":{"minecraft:cobblestone":19,"minecraft:spruce_planks":1,"minecraft:wooden_pickaxe":1},"minecraft:crafted":{"minecraft:cooked_beef":3,"minecraft:crafting_table":4,"minecraft:spruce_planks":100,"minecraft:wooden_pickaxe":1,"minecraft:furnace":1,"minecraft:stone_axe":1,"minecraft:air":0,"minecraft:stick":36,"minecraft:iron_ingot":9,"minecraft:iron_pickaxe":1,"minecraft:stone_pickaxe":3,"minecraft:stone_sword":1,"minecraft:torch":48},"minecraft:killed_by":{"minecraft:skeleton":2,"minecraft:zombie":3},"minecraft:broken":{"minecraft:stone_pickaxe":1},"minecraft:custom":{"minecraft:interact_with_furnace":22,"minecraft:mob_kills":2,"minecraft:interact_with_crafting_table":12,"minecraft:leave_game":2,"minecraft:time_since_death":15635,"minecraft:time_since_rest":15661,"minecraft:sprint_one_cm":20497,"minecraft:damage_taken":1750,"minecraft:walk_one_cm":153196,"minecraft:drop":21,"minecraft:damage_dealt":817,"minecraft:swim_one_cm":32712,"minecraft:fly_one_cm":29617,"minecraft:crouch_one_cm":807,"minecraft:play_time":56317,"minecraft:deaths":5,"minecraft:sneak_time":794,"minecraft:walk_under_water_one_cm":8144,"minecraft:jump":672,"minecraft:walk_on_water_one_cm":3107,"minecraft:total_world_time":56317,"minecraft:fall_one_cm":14068},"minecraft:mined":{"minecraft:deepslate_redstone_ore":4,"minecraft:tuff":4,"minecraft:crafting_table":1,"minecraft:torch":10,"minecraft:granite":18,"minecraft:short_grass":1,"minecraft:grass_block":7,"minecraft:deepslate_coal_ore":1,"minecraft:spruce_leaves":18,"minecraft:diorite":58,"minecraft:iron_ore":12,"minecraft:spruce_log":22,"minecraft:andesite":24,"minecraft:deepslate_lapis_ore":8,"minecraft:coal_ore":35,"minecraft:deepslate_iron_ore":8,"minecraft:gravel":2,"minecraft:dirt":23,"minecraft:stone":136,"minecraft:deepslate":130}},"DataVersion":3953}