{"stats":{"minecraft:mined":{"minecraft:spruce_leaves":2,"minecraft:oak_leaves":2},"minecraft:custom":{"minecraft:jump":111,"minecraft:time_since_rest":3617,"minecraft:leave_game":1,"minecraft:sprint_one_cm":16495,"minecraft:play_time":3617,"minecraft:walk_on_water_one_cm":2540,"minecraft:time_since_death":3617,"minecraft:walk_one_cm":5708,"minecraft:total_world_time":3617,"minecraft:walk_under_water_one_cm":434,"minecraft:swim_one_cm":5304,"minecraft:fall_one_cm":3313,"minecraft:fly_one_cm":26168}},"DataVersion":3953}