{"stats":{"minecraft:killed_by":{"minecraft:drowned":1},"minecraft:mined":{"minecraft:spruce_leaves":2,"minecraft:oak_leaves":2},"minecraft:custom":{"minecraft:jump":114,"minecraft:time_since_rest":423,"minecraft:damage_taken":200,"minecraft:walk_one_cm":6218,"minecraft:leave_game":3,"minecraft:sprint_one_cm":17785,"minecraft:play_time":4514,"minecraft:time_since_death":304,"minecraft:walk_on_water_one_cm":2643,"minecraft:deaths":1,"minecraft:sneak_time":35,"minecraft:total_world_time":4514,"minecraft:walk_under_water_one_cm":2659,"minecraft:swim_one_cm":5304,"minecraft:fall_one_cm":3797,"minecraft:fly_one_cm":26810}},"DataVersion":3953}